INSERT INTO Rodzic (id_rodzica, imiê, nazwisko, telefon) VALUES
(1, 'Anna', 'Kowalska', '123456789'),
(2, 'Jan', 'Nowak', '987654321'),
(3, 'Ewa', 'Wiœniewska', '456123789'),
(4, 'Piotr', 'Zieliñski', '789456123'),
(5, 'Katarzyna', 'Kamiñska', '321654987'),
(6, 'Marek', 'Lewandowski', '654987321'),
(7, 'Agnieszka', 'Szymañska', '159753486'),
(8, 'Tomasz', 'Kowalczyk', '951357852'),
(9, 'Monika', 'WoŸniak', '753159846'),
(10, 'Robert', 'Mazur', '357951684'),
(11, 'Joanna', 'Kaczmarek', '258147369'),
(12, 'Krzysztof', 'Król', '852963741'),
(13, 'Aleksandra', 'Zawadzka', '147258369'),
(14, 'Dariusz', 'Pawlak', '369852147'),
(15, 'El¿bieta', 'Domañska', '741258963'),
(16, '£ukasz', 'Baran', '963147852'),
(17, 'Barbara', 'Górska', '123789456'),
(18, 'Grzegorz', 'Rutkowski', '789321654'),
(19, 'Natalia', 'Ostrowska', '456987123'),
(20, 'Pawe³', 'Sikora', '654321789');

INSERT INTO Uczestnik (id_uczestnika, imiê, nazwisko, data_urodzenia, stopieñ, telefon, id_rodzica) VALUES
(1, 'Jakub', 'Kowalski', '2010-04-15', 'wywiadowca', '123457689', 1),
(2, 'Maja', 'Nowak', '2012-03-22', 'm³odzik', '977654321', 2),
(3, 'Antoni', 'Wiœniewski', '2009-08-10', 'æwik', '456123789', 3),
(4, 'Zofia', 'Zieliñska', '2011-11-02', 'm³odzik', '789456123', 4),
(5, 'Jan', 'Kamiñski', '2010-05-30', 'æwik', '321654987', 5),
(6, 'Hanna', 'Lewandowska', '2013-07-15', 'brak', '654987321', 6),
(7, 'Aleksander', 'Szymañski', '2008-12-18', 'HO', '159753486', 7),
(8, 'Emilia', 'Kowalczyk', '2014-06-27', 'brak', '951357852', 8),
(9, 'Szymon', 'WoŸniak', '2007-01-14', 'HO', '753159846', 9),
(10, 'Zuzanna', 'Mazur', '2011-09-09', 'wywiadowca', '357951684', 10),
(11, 'Leon', 'Kaczmarek', '2010-10-01', 'æwik', '258147369', 11),
(12, 'Lena', 'Król', '2013-02-25', 'brak', '852963741', 12),
(13, 'Adam', 'Zawadzki', '2008-03-12', 'æwik', '147258369', 13),
(14, 'Maria', 'Pawlak', '2009-05-05', 'HO', '369852147', 14),
(15, 'Ignacy', 'Domañski', '2012-04-17', 'm³odzik', '741258963', 15),
(16, 'Julia', 'Baran', '2011-08-23', 'm³odzik', '963147852', 16),
(17, 'Wiktor', 'Górski', '2010-07-19', 'wywiadowca', '123789456', 17),
(18, 'Kinga', 'Rutkowska', '2013-11-30', 'brak', '789321654', 18),
(19, 'Filip', 'Ostrowski', '2008-01-25', 'HR', '456987123', 19),
(20, 'Nadia', 'Sikora', '2012-10-12', 'æwik', '654321789', 20),
(21, 'Miko³aj', 'Kowalski', '2010-04-15', 'wywiadowca', '123546789', 1),
(22, 'Julka', 'Nowak', '2012-03-22', 'm³odzik', '987654321', 2);

INSERT INTO Wyjazd (id_wyjazdu, lokalizacja, data_pocz¹tek, data_koniec, typ, min_iloœæ_miejsc, max_iloœæ_miejsc) VALUES
(1, 'Zakopane', '2024-01-15', '2024-01-22', 'obóz zimowy', 10, 30),
(2, 'Mazury', '2024-07-01', '2024-07-10', 'obóz letni', 15, 50),
(3, 'Gdañsk', '2024-04-20', '2024-04-25', 'wycieczka', 5, 15),
(4, 'Kraków', '2024-05-10', '2024-05-12', 'warsztaty', 5, 15),
(5, 'Wroc³aw', '2024-03-01', '2024-03-05', 'wyjazd integracyjny', 8, 25),
(6, 'Bieszczady', '2024-08-15', '2024-08-20', 'obóz wêdrowny', 12, 30),
(7, 'Pieniny', '2024-06-10', '2024-06-17', 'obóz letni', 10, 40),
(8, 'Poznañ', '2024-02-05', '2024-02-07', 'konferencja', 6, 20),
(9, 'Toruñ', '2024-09-01', '2024-09-05', 'warsztaty', 10, 25),
(10, 'Warszawa', '2024-11-10', '2024-11-12', 'wycieczka', 20, 50),
(11, 'Sopot', '2024-07-20', '2024-07-25', 'obóz letni', 15, 40),
(12, '£ódŸ', '2024-03-15', '2024-03-18', 'warsztaty', 5, 15),
(13, 'Góry Sto³owe', '2024-06-01', '2024-06-08', 'obóz wêdrowny', 12, 30),
(14, 'Kazimierz Dolny', '2024-04-01', '2024-04-03', 'wyjazd integracyjny', 8, 20),
(15, 'Œwiêtokrzyskie', '2024-05-20', '2024-05-25', 'obóz przygodowy', 10, 30),
(16, 'Hel', '2024-08-01', '2024-08-07', 'obóz letni', 15, 50),
(17, 'Katowice', '2024-02-15', '2024-02-18', 'konferencja', 6, 25),
(18, 'Czêstochowa', '2024-09-15', '2024-09-20', 'pielgrzymka', 20, 50),
(19, 'Zamoœæ', '2024-10-10', '2024-10-12', 'wyjazd integracyjny', 10, 25),
(20, 'Tatrzañski Park Narodowy', '2024-07-15', '2024-07-22', 'obóz wêdrowny', 10, 35);

INSERT INTO Harmonogram (id_harmonogram, id_wyjazdu, data)
VALUES
-- Zakopane (2024-01-15 to 2024-01-22)
(1, 1, '2024-01-15'),
(2, 1, '2024-01-16'),
(3, 1, '2024-01-17'),
(4, 1, '2024-01-18'),
(5, 1, '2024-01-19'),
(6, 1, '2024-01-20'),
(7, 1, '2024-01-21'),
(8, 1, '2024-01-22'),

-- Mazury (2024-07-01 to 2024-07-10)
(9, 2, '2024-07-01'),
(10, 2, '2024-07-02'),
(11, 2, '2024-07-03'),
(12, 2, '2024-07-04'),
(13, 2, '2024-07-05'),
(14, 2, '2024-07-06'),
(15, 2, '2024-07-07'),
(16, 2, '2024-07-08'),
(17, 2, '2024-07-09'),
(18, 2, '2024-07-10'),

-- Gdañsk (2024-04-20 to 2024-04-25)
(19, 3, '2024-04-20'),
(20, 3, '2024-04-21'),
(21, 3, '2024-04-22'),
(22, 3, '2024-04-23'),
(23, 3, '2024-04-24'),
(24, 3, '2024-04-25'),

-- Kraków (2024-05-10 to 2024-05-12)
(25, 4, '2024-05-10'),
(26, 4, '2024-05-11'),
(27, 4, '2024-05-12'),

-- Wroc³aw (2024-03-01 to 2024-03-05)
(28, 5, '2024-03-01'),
(29, 5, '2024-03-02'),
(30, 5, '2024-03-03'),
(31, 5, '2024-03-04'),
(32, 5, '2024-03-05'),

-- Bieszczady (2024-08-15 to 2024-08-20)
(33, 6, '2024-08-15'),
(34, 6, '2024-08-16'),
(35, 6, '2024-08-17'),
(36, 6, '2024-08-18'),
(37, 6, '2024-08-19'),
(38, 6, '2024-08-20'),

-- Pieniny (2024-06-10 to 2024-06-17)
(39, 7, '2024-06-10'),
(40, 7, '2024-06-11'),
(41, 7, '2024-06-12'),
(42, 7, '2024-06-13'),
(43, 7, '2024-06-14'),
(44, 7, '2024-06-15'),
(45, 7, '2024-06-16'),
(46, 7, '2024-06-17'),

-- Poznañ (2024-02-05 to 2024-02-07)
(47, 8, '2024-02-05'),
(48, 8, '2024-02-06'),
(49, 8, '2024-02-07'),

-- Toruñ (2024-09-01 to 2024-09-05)
(50, 9, '2024-09-01'),
(51, 9, '2024-09-02'),
(52, 9, '2024-09-03'),
(53, 9, '2024-09-04'),
(54, 9, '2024-09-05'),

-- Warszawa (2024-11-10 to 2024-11-12)
(55, 10, '2024-11-10'),
(56, 10, '2024-11-11'),
(57, 10, '2024-11-12'),

-- Sopot (2024-07-20 to 2024-07-25)
(58, 11, '2024-07-20'),
(59, 11, '2024-07-21'),
(60, 11, '2024-07-22'),
(61, 11, '2024-07-23'),
(62, 11, '2024-07-24'),
(63, 11, '2024-07-25'),

-- £ódŸ (2024-03-15 to 2024-03-18)
(64, 12, '2024-03-15'),
(65, 12, '2024-03-16'),
(66, 12, '2024-03-17'),
(67, 12, '2024-03-18'),

-- Góry Sto³owe (2024-06-01 to 2024-06-08)
(68, 13, '2024-06-01'),
(69, 13, '2024-06-02'),
(70, 13, '2024-06-03'),
(71, 13, '2024-06-04'),
(72, 13, '2024-06-05'),
(73, 13, '2024-06-06'),
(74, 13, '2024-06-07'),
(75, 13, '2024-06-08'),

-- Kazimierz Dolny (2024-04-01 to 2024-04-03)
(76, 14, '2024-04-01'),
(77, 14, '2024-04-02'),
(78, 14, '2024-04-03'),

-- Œwiêtokrzyskie (2024-05-20 to 2024-05-25)
(79, 15, '2024-05-20'),
(80, 15, '2024-05-21'),
(81, 15, '2024-05-22'),
(82, 15, '2024-05-23'),
(83, 15, '2024-05-24'),
(84, 15, '2024-05-25'),

-- Hel (2024-08-01 to 2024-08-07)
(85, 16, '2024-08-01'),
(86, 16, '2024-08-02'),
(87, 16, '2024-08-03'),
(88, 16, '2024-08-04'),
(89, 16, '2024-08-05'),
(90, 16, '2024-08-06'),
(91, 16, '2024-08-07'),

-- Katowice (2024-02-15 to 2024-02-18)
(92, 17, '2024-02-15'),
(93, 17, '2024-02-16'),
(94, 17, '2024-02-17'),
(95, 17, '2024-02-18'),

-- Czêstochowa (2024-09-15 to 2024-09-20)
(96, 18, '2024-09-15'),
(97, 18, '2024-09-16'),
(98, 18, '2024-09-17'),
(99, 18, '2024-09-18'),
(100, 18, '2024-09-19'),
(101, 18, '2024-09-20'),

-- Zamoœæ (2024-10-10 to 2024-10-12)
(102, 19, '2024-10-10'),
(103, 19, '2024-10-11'),
(104, 19, '2024-10-12'),

-- Tatrzañski Park Narodowy (2024-07-15 to 2024-07-22)
(105, 20, '2024-07-15'),
(106, 20, '2024-07-16'),
(107, 20, '2024-07-17'),
(108, 20, '2024-07-18'),
(109, 20, '2024-07-19'),
(110, 20, '2024-07-20'),
(111, 20, '2024-07-21'),
(112, 20, '2024-07-22');






INSERT INTO Zg³oszenia (id_zg³oszenia, id_rodzica, id_wyjazdu, status) VALUES
(1, 1, 1, 'zaakceptowane'),
(2, 5, 1, 'zaakceptowane'),
(3, 3, 1, 'zaakceptowane'),
(4, 7, 1, 'zaakceptowane'),
(5, 2, 1, 'zaakceptowane'),
(6, 9, 1, 'zaakceptowane'),
(7, 4, 1, 'zaakceptowane'),
(8, 6, 1, 'zaakceptowane'),
(9, 10, 1, 'zaakceptowane'),
(10, 12, 1, 'zaakceptowane'),
(11, 13, 1, 'zaakceptowane'),
(12, 15, 2, 'oczekuje'),
(13, 17, 2, 'zaakceptowane'),
(14, 8, 2, 'odrzucone'),
(15, 18, 2, 'oczekuje'),
(16, 11, 2, 'zaakceptowane'),
(17, 20, 2, 'odrzucone'),
(18, 14, 2, 'oczekuje'),
(19, 19, 2, 'zaakceptowane'),
(20, 16, 2, 'odrzucone'),
(21, 3, 2, 'odrzucone'),
(22, 1, 2, 'odrzucone'),
(23, 6, 2, 'odrzucone'),
(24, 2, 3, 'zaakceptowane'),
(25, 14, 3, 'zaakceptowane'),
(26, 7, 3, 'zaakceptowane'),
(27, 9, 3, 'zaakceptowane'),
(28, 10, 3, 'zaakceptowane'),
(29, 16, 3, 'zaakceptowane'),
(30, 5, 3, 'zaakceptowane'),
(31, 13, 3, 'zaakceptowane'),
(32, 4, 3, 'zaakceptowane'),
(33, 8, 3, 'zaakceptowane'),
(34, 17, 3, 'zaakceptowane'),
(35, 18, 3, 'zaakceptowane'),
(36, 12, 3, 'zaakceptowane'),
(37, 15, 3, 'zaakceptowane'),
(38, 20, 3, 'zaakceptowane'),
(39, 11, 3, 'oczekuje'),
(40, 1, 3, 'oczekuje');

INSERT INTO Zg³oszenie_Uczestnika (id_zg³oszenia, id_uczestnika)
VALUES
(1, 1),
(2, 5),
(3, 3),
(4, 7),
(5, 2),
(6, 9),
(7, 4),
(8, 6),
(9, 10),
(10, 12),
(11, 13),
(12, 15),
(13, 17),
(14, 8),
(15, 18),
(16, 11),
(17, 20),
(18, 14),
(19, 19),
(20, 16),
(21, 3),
(22, 1),
(23, 6),
(24, 2),
(25, 14),
(26, 7),
(27, 9),
(28, 10),
(29, 16),
(30, 5),
(31, 13),
(32, 4),
(33, 8),
(34, 17),
(35, 18),
(36, 12),
(37, 15),
(38, 20),
(39, 11),
(40, 1);

INSERT INTO Opiekun (id_opiekuna, imiê, nazwisko, telefon) VALUES
(1, 'Anna', 'Kowalska', '653000221'),
(2, 'Piotr', 'Nowak', '653000222'),
(3, 'Monika', 'Wiœniewska', '653000223'),
(4, 'Krzysztof', 'Jankowski', '653000224'),
(5, 'Ewa', 'Zieliñska', '653000225'),
(6, 'Pawe³', 'Wójcik', '653000226'),
(7, 'Maria', 'Kaczmarek', '653000227'),
(8, 'Adam', 'Piotrowski', '653000228'),
(9, 'Joanna', 'Szymañska', '653000229'),
(10, 'Micha³', 'D¹browski', '653000210'),
(11, 'Karolina', '£awniczak', '653000211'),
(12, 'Tomasz', 'Jab³oñski', '653000212'),
(13, 'Iwona', 'Kubiak', '653000213'),
(14, 'Andrzej', 'Adamczak', '653000214'),
(15, 'Magdalena', 'Górska', '653000215'),
(16, 'Marek', 'B¹k', '653000216'),
(17, 'Agnieszka', 'Majewska', '653000217'),
(18, 'Szymon', 'Kwiatkowski', '653000218'),
(19, 'Beata', 'Sikora', '653000219'),
(20, 'Artur', 'Chmiel', '653000220');

INSERT INTO Opiekun_Wyjazdu (id_opiekuna, id_wyjazdu, rola) VALUES
(1, 1, 'Wychowawca'),
(2, 1, 'Komendant'),
(3, 1, 'Wychowawca'),
(4, 1, 'Ratownik'),
(5, 1, 'Kucharz'),
(6, 2, 'Komendant'),
(7, 2, 'Wychowawca'),
(8, 2, 'Ratownik'),
(9, 2, 'Kucharz'),
(10, 3, 'Komendant'),
(11, 3, 'Wychowawca'),
(12, 3, 'Wychowawca'),
(13, 4, 'Kucharz'),
(14, 4, 'Komendant'),
(15, 5, 'Komendant'),
(16, 6, 'Komendant'),
(17, 6, 'Wychowawca'),
(18, 7, 'Wychowawca'),
(19, 7, 'Ratownik'),
(20, 7, 'Kucharz');

INSERT INTO Aktywnoœæ (id_aktywnosc, miejsce, opis)
VALUES
    (1, 'Las', 'Biwakowanie w lesie z nauk¹ rozpalania ognisk i budowania schronieñ.'),
    (2, 'Jezioro', 'Zajêcia zwi¹zane z p³ywaniem, wios³owaniem i ratownictwem wodnym.'),
    (3, 'Plac zabaw', 'Zajêcia integracyjne i zabawy zespo³owe.'),
    (4, 'Wielki Ogieñ', 'Wieczorne ognisko z opowieœciami i piosenkami harcerskimi.'),
    (5, 'Góra', 'Wêdrówki górskie z nauk¹ orientacji w terenie i map¹.'),
    (6, 'Obozowisko', 'Zajêcia zwi¹zane z budowaniem obozów, organizowaniem przestrzeni obozowej.'),
    (7, 'Œwietlica', 'Zajêcia edukacyjne z zakresu pierwszej pomocy i bezpieczeñstwa.'),
    (8, 'Muzeum', 'Wycieczki edukacyjne do muzeów zwi¹zanych z histori¹ lub przyrod¹.'),
    (9, 'Park', 'Zajêcia terenowe, gry terenowe i orientacyjne w parku.'),
    (10, 'Obozowisko', 'Zajêcia survivalowe, budowanie sza³asów, nauka orientacji.'),
    (11, 'Szko³a', 'Zajêcia teoretyczne z zakresu historii harcerstwa, zasad i etyki.'),
    (12, 'Ognisko', 'Zajêcia artystyczne przy ognisku – œpiewy, tañce, opowieœci.'),
    (13, 'Wêdrówka', 'Wêdrówki na orientacjê, zadania do wykonania na trasie.'),
    (14, 'Rzeka', 'Zajêcia z zakresu kajakarstwa, nauka techniki p³ywania na rzece.'),
    (15, 'Schronisko', 'Zajêcia zwi¹zane z turystyk¹ piesz¹, noclegi w schroniskach górskich.'),
    (16, 'Baza', 'Zajêcia praktyczne na bazie harcerskiej, nauka pracy w grupie.'),
    (17, 'Camp', 'Miêdzynarodowe spotkania harcerskie, wymiana doœwiadczeñ z harcerzami z innych krajów.'),
    (18, 'Tereny leœne', 'Zajêcia z rozpoznawania roœlin, zwierz¹t, œladów w lesie.'),
    (19, 'Zamek', 'Wycieczki do historycznych zamków, lekcje historii na œwie¿ym powietrzu.'),
    (20, 'Pla¿a', 'Zajêcia zwi¹zane z organizowaniem gier i zabaw na pla¿y, nauka survivalu nad wod¹.');

INSERT INTO Sprzêt (id_sprzetu, nazwa_sprzêtu, iloœæ_sprzêtu)
VALUES
    (1, 'Materac', 115),
    (2, 'Siekiera', 110),
    (3, 'M³otek', 125),
    (4, 'Namiot', 18),
    (5, 'Andy IV', 15),
    (6, 'Latarka', 112),
    (7, 'Kompas', 110),
    (8, 'Pi³a', 112),
    (9, 'D³ugopis', 150),
    (10, 'Taœma', 113),
    (11, 'Lornetka', 16),
    (12, 'Mapa', 130),
    (13, 'Krzes³o', 150),
    (14, 'Banda¿ zwyk³y', 132),
    (15, 'Œwieca', 142),
    (16, 'Sznur', 115),
    (17, 'Kuchenka', 18),
    (18, 'Œpiewnik', 143),
    (19, 'Drabina', 12),
    (20, 'Rower', 18),
	(21, 'Pi³ka', 32),
	(22, 'Kajak', 40);

INSERT INTO Potrzebny_Sprzêt (id_aktywnosc, id_sprzetu, iloœæ_potrzebnego_sprzetu)
VALUES
    (1, 4, 5),   -- Biwakowanie w lesie: Namiot (5 sztuk)
    (1, 16, 10),  -- Biwakowanie w lesie: Sznur (10 sztuk)
    (2, 22, 10),  -- Zajêcia na jeziorze: Kajak (10 sztuk)
    (2, 6, 10),   -- Zajêcia na jeziorze: Latarka (10 sztuk)
    (3, 9, 30),   -- Zajêcia na placu zabaw: D³ugopis (30 sztuk)
    (4, 15, 10),  -- Wielki Ogieñ: Œwieca (10 sztuk)
    (5, 12, 5),   -- Wêdrówki górskie: Mapa (5 sztuk)
    (5, 7, 5),    -- Wêdrówki górskie: Kompas (5 sztuk)
    (6, 4, 6),    -- Obóz: Namiot (6 sztuk)
    (6, 16, 12),  -- Obóz: Sznur (12 sztuk)
    (7, 14, 5),   -- Œwietlica: Banda¿ zwyk³y (5 sztuk)
    (8, 9, 20),   -- Wycieczki do muzeum: D³ugopis (20 sztuk)
    (9, 10, 30),  -- Zajêcia w parku: Taœma (30 sztuk)
    (10, 8, 8),   -- Zajêcia survivalowe: Pi³a (8 sztuk)
    (10, 4, 6),   -- Zajêcia survivalowe: Namiot (6 sztuk)
    (11, 9, 25),  -- Zajêcia w szkole: D³ugopis (25 sztuk)
    (12, 18, 15), -- Ognisko: Œpiewnik (15 sztuk)
    (13, 7, 10),  -- Wêdrówka na orientacjê: Kompas (10 sztuk)
    (14, 22, 10), -- Zajêcia na rzece: Kajak (10 sztuk)
    (15, 19, 6),  -- Noclegi w schronisku: Drabina (6 sztuk)
    (16, 13, 20), -- Zajêcia na bazie: Krzes³o (20 sztuk)
    (17, 5, 8),   -- Camp: Andy IV (8 sztuk)
    (18, 2, 8),   -- Tereny leœne: Siekiera (8 sztuk)
    (19, 4, 4),   -- Zamek: Namiot (4 sztuki)
    (20, 21, 12); -- Pla¿a: Pi³ka (12 sztuk)

INSERT INTO Przebieg_Dnia (id_harmonogram, id_aktywnosc, godzina_pocz¹tek, godzina_koniec) VALUES
-- Zakopane (2024-01-15 to 2024-01-22)
(1, 1, '08:00:00', '10:00:00'),  -- Biwakowanie w lesie
(1, 2, '10:30:00', '12:30:00'),  -- Zajêcia zwi¹zane z p³ywaniem
(1, 6, '13:00:00', '15:00:00'),  -- Budowanie obozów
(1, 4, '16:00:00', '18:00:00'),  -- Wieczorne ognisko
(1, 3, '19:00:00', '21:00:00'),  -- Zajêcia integracyjne
(1, 7, '21:30:00', '23:00:00'),  -- Zajêcia edukacyjne
(2, 1, '08:00:00', '10:00:00'),
(2, 5, '10:30:00', '12:30:00'),
(2, 3, '13:00:00', '15:00:00'),
(2, 4, '16:00:00', '18:00:00'),
(2, 10, '19:00:00', '21:00:00'),
(2, 7, '21:30:00', '23:00:00'),
(3, 9, '08:00:00', '10:00:00'),
(3, 6, '10:30:00', '12:30:00'),
(3, 2, '13:00:00', '15:00:00'),
(3, 1, '16:00:00', '18:00:00'),
(3, 3, '19:00:00', '21:00:00'),
(3, 7, '21:30:00', '23:00:00'),
(4, 5, '08:00:00', '10:00:00'),
(4, 8, '10:30:00', '12:30:00'),
(4, 6, '13:00:00', '15:00:00'),
(4, 4, '16:00:00', '18:00:00'),
(4, 7, '19:00:00', '21:00:00'),
(4, 12, '21:30:00', '23:00:00'),
(5, 1, '08:00:00', '10:00:00'),
(5, 6, '10:30:00', '12:30:00'),
(5, 3, '13:00:00', '15:00:00'),
(5, 7, '16:00:00', '18:00:00'),
(5, 9, '19:00:00', '21:00:00'),
(5, 16, '21:30:00', '23:00:00'),
(6, 5, '08:00:00', '10:00:00'),
(6, 14, '10:30:00', '12:30:00'),
(6, 9, '13:00:00', '15:00:00'),
(6, 16, '16:00:00', '18:00:00'),
(6, 7, '19:00:00', '21:00:00'),
(6, 2, '21:30:00', '23:00:00'),
(7, 2, '08:00:00', '10:00:00'),
(7, 9, '10:30:00', '12:30:00'),
(7, 10, '13:00:00', '15:00:00'),
(7, 7, '16:00:00', '18:00:00'),
(7, 4, '19:00:00', '21:00:00'),
(7, 3, '21:30:00', '23:00:00'),
(8, 8, '08:00:00', '10:00:00'),
(8, 1, '10:30:00', '12:30:00'),
(8, 12, '13:00:00', '15:00:00'),
(8, 3, '16:00:00', '18:00:00'),
(8, 6, '19:00:00', '21:00:00'),
(8, 7, '21:30:00', '23:00:00'),
(9, 6, '08:00:00', '10:00:00'),
(9, 14, '10:30:00', '12:30:00'),
(9, 3, '13:00:00', '15:00:00'),
(9, 19, '16:00:00', '18:00:00'),
(9, 7, '19:00:00', '21:00:00'),
(9, 12, '21:30:00', '23:00:00'),
(10, 2, '08:00:00', '10:00:00'),
(10, 5, '10:30:00', '12:30:00'),
(10, 7, '13:00:00', '15:00:00'),
(10, 3, '16:00:00', '18:00:00'),
(10, 4, '19:00:00', '21:00:00'),
(10, 1, '21:30:00', '23:00:00'),
(11, 3, '08:00:00', '10:00:00'),
(11, 8, '10:30:00', '12:30:00'),
(11, 1, '13:00:00', '15:00:00'),
(11, 7, '16:00:00', '18:00:00'),
(11, 6, '19:00:00', '21:00:00'),
(11, 10, '21:30:00', '23:00:00'),
(12, 2, '08:00:00', '10:00:00'),
(12, 6, '10:30:00', '12:30:00'),
(12, 5, '13:00:00', '15:00:00'),
(12, 4, '16:00:00', '18:00:00'),
(12, 12, '19:00:00', '21:00:00'),
(12, 7, '21:30:00', '23:00:00'),
(13, 5, '08:00:00', '10:00:00'),
(13, 6, '10:30:00', '12:30:00'),
(13, 14, '13:00:00', '15:00:00'),
(13, 16, '16:00:00', '18:00:00'),
(13, 1, '19:00:00', '21:00:00'),
(13, 12, '21:30:00', '23:00:00'),
(14, 7, '08:00:00', '10:00:00'),
(14, 9, '10:30:00', '12:30:00'),
(14, 3, '13:00:00', '15:00:00'),
(14, 13, '16:00:00', '18:00:00'),
(14, 16, '19:00:00', '21:00:00'),
(14, 4, '21:30:00', '23:00:00'),
(15, 5, '08:00:00', '10:00:00'),
(15, 14, '10:30:00', '12:30:00'),
(15, 6, '13:00:00', '15:00:00'),
(15, 1, '16:00:00', '18:00:00'),
(15, 16, '19:00:00', '21:00:00'),
(15, 3, '21:30:00', '23:00:00'),
(16, 12, '08:00:00', '10:00:00'),
(16, 10, '10:30:00', '12:30:00'),
(16, 2, '13:00:00', '15:00:00'),
(16, 1, '16:00:00', '18:00:00'),
(16, 6, '19:00:00', '21:00:00'),
(16, 4, '21:30:00', '23:00:00'),
(17, 3, '08:00:00', '10:00:00'),
(17, 5, '10:30:00', '12:30:00'),
(17, 6, '13:00:00', '15:00:00'),
(17, 7, '16:00:00', '18:00:00'),
(17, 16, '19:00:00', '21:00:00'),
(17, 2, '21:30:00', '23:00:00'),
(18, 9, '08:00:00', '10:00:00'),
(18, 16, '10:30:00', '12:30:00'),
(18, 7, '13:00:00', '15:00:00'),
(18, 14, '16:00:00', '18:00:00'),
(18, 19, '19:00:00', '21:00:00'),
(18, 5, '21:30:00', '23:00:00'),
(19, 5, '08:00:00', '10:00:00'),
(19, 2, '10:30:00', '12:30:00'),
(19, 9, '13:00:00', '15:00:00'),
(19, 10, '16:00:00', '18:00:00'),
(19, 7, '19:00:00', '21:00:00'),
(19, 16, '21:30:00', '23:00:00'),
-- Zakopane (2024-01-15 to 2024-01-22)
(20, 5, '08:00:00', '10:00:00'),
(20, 6, '10:30:00', '12:30:00'),
(20, 3, '13:00:00', '15:00:00'),
(20, 1, '16:00:00', '18:00:00'),
(20, 12, '19:00:00', '21:00:00'),
(20, 4, '21:30:00', '23:00:00'),
(21, 8, '08:00:00', '10:00:00'),
(21, 6, '10:30:00', '12:30:00'),
(21, 14, '13:00:00', '15:00:00'),
(21, 2, '16:00:00', '18:00:00'),
(21, 1, '19:00:00', '21:00:00'),
(21, 3, '21:30:00', '23:00:00'),
(22, 3, '08:00:00', '10:00:00'),
(22, 12, '10:30:00', '12:30:00'),
(22, 5, '13:00:00', '15:00:00'),
(22, 10, '16:00:00', '18:00:00'),
(22, 2, '19:00:00', '21:00:00'),
(22, 7, '21:30:00', '23:00:00'),
(23, 4, '08:00:00', '10:00:00'),
(23, 9, '10:30:00', '12:30:00'),
(23, 1, '13:00:00', '15:00:00'),
(23, 13, '16:00:00', '18:00:00'),
(23, 16, '19:00:00', '21:00:00'),
(23, 8, '21:30:00', '23:00:00'),
(24, 5, '08:00:00', '10:00:00'),
(24, 10, '10:30:00', '12:30:00'),
(24, 1, '13:00:00', '15:00:00'),
(24, 2, '16:00:00', '18:00:00'),
(24, 6, '19:00:00', '21:00:00'),
(24, 7, '21:30:00', '23:00:00'),
(25, 2, '08:00:00', '10:00:00'),
(25, 3, '10:30:00', '12:30:00'),
(25, 12, '13:00:00', '15:00:00'),
(25, 1, '16:00:00', '18:00:00'),
(25, 16, '19:00:00', '21:00:00'),
(25, 10, '21:30:00', '23:00:00'),
(26, 6, '08:00:00', '10:00:00'),
(26, 9, '10:30:00', '12:30:00'),
(26, 2, '13:00:00', '15:00:00'),
(26, 3, '16:00:00', '18:00:00'),
(26, 12, '19:00:00', '21:00:00'),
(26, 7, '21:30:00', '23:00:00'),
(27, 5, '08:00:00', '10:00:00'),
(27, 3, '10:30:00', '12:30:00'),
(27, 6, '13:00:00', '15:00:00'),
(27, 1, '16:00:00', '18:00:00'),
(27, 7, '19:00:00', '21:00:00'),
(27, 10, '21:30:00', '23:00:00'),
(28, 14, '08:00:00', '10:00:00'),
(28, 6, '10:30:00', '12:30:00'),
(28, 3, '13:00:00', '15:00:00'),
(28, 5, '16:00:00', '18:00:00'),
(28, 1, '19:00:00', '21:00:00'),
(28, 2, '21:30:00', '23:00:00'),
(29, 1, '08:00:00', '10:00:00'),
(29, 7, '10:30:00', '12:30:00'),
(29, 10, '13:00:00', '15:00:00'),
(29, 4, '16:00:00', '18:00:00'),
(29, 8, '19:00:00', '21:00:00'),
(29, 12, '21:30:00', '23:00:00'),
(30, 5, '08:00:00', '10:00:00'),
(30, 7, '10:30:00', '12:30:00'),
(30, 9, '13:00:00', '15:00:00'),
(30, 4, '16:00:00', '18:00:00'),
(30, 6, '19:00:00', '21:00:00'),
(30, 16, '21:30:00', '23:00:00'),
(31, 10, '08:00:00', '10:00:00'),
(31, 6, '10:30:00', '12:30:00'),
(31, 3, '13:00:00', '15:00:00'),
(31, 7, '16:00:00', '18:00:00'),
(31, 1, '19:00:00', '21:00:00'),
(31, 12, '21:30:00', '23:00:00'),
(32, 14, '08:00:00', '10:00:00'),
(32, 9, '10:30:00', '12:30:00'),
(32, 5, '13:00:00', '15:00:00'),
(32, 16, '16:00:00', '18:00:00'),
(32, 7, '19:00:00', '21:00:00'),
(32, 8, '21:30:00', '23:00:00'),
(33, 2, '08:00:00', '10:00:00'),
(33, 5, '10:30:00', '12:30:00'),
(33, 1, '13:00:00', '15:00:00'),
(33, 3, '16:00:00', '18:00:00'),
(33, 12, '19:00:00', '21:00:00'),
(33, 16, '21:30:00', '23:00:00'),
(34, 6, '08:00:00', '10:00:00'),
(34, 2, '10:30:00', '12:30:00'),
(34, 3, '13:00:00', '15:00:00'),
(34, 16, '16:00:00', '18:00:00'),
(34, 7, '19:00:00', '21:00:00'),
(34, 10, '21:30:00', '23:00:00'),
(35, 5, '08:00:00', '10:00:00'),
(35, 14, '10:30:00', '12:30:00'),
(35, 3, '13:00:00', '15:00:00'),
(35, 1, '16:00:00', '18:00:00'),
(35, 10, '19:00:00', '21:00:00'),
(35, 16, '21:30:00', '23:00:00');